{"web":{"client_id":"697316908930-9u76kj7rmffep4dmkekhjdl3g7sjbj45.apps.googleusercontent.com","project_id":"driven-photon-126315","auth_uri":"https://accounts.google.com/o/oauth2/auth","token_uri":"https://accounts.google.com/o/oauth2/token","auth_provider_x509_cert_url":"https://www.googleapis.com/oauth2/v1/certs","client_secret":"CkiMew7Yd8I2AZSKJWKY9tyS","redirect_uris":["http://localhost:5000/login","http://localhost:5000/gconnect","http://localhost:5000/gdisconnect"],"javascript_origins":["http://localhost:5000"]}}